claim_id,sentiment_incident,sentiment_adjuster,sentiment_email,combined_sentiment,trigger_score,trigger_count,triggers_found,email_trigger_score,adjuster_negative_tone,nlp_risk_score
CLM-2024-10000,0.0,1.0,0.0,0.3,0,1,dispute,0,0,7.0
CLM-2023-10001,1.0,1.0,1.0,1.0,0,1,dispute,0,0,0.0
CLM-2023-10002,-1.0,0.0,-1.0,-0.7,14,6,attorney; litigation; my attorney; demand; bad faith; dispute,13,0,100.0
CLM-2022-10003,-1.0,0.0,1.0,0.2,4,3,doi complaint; fraud; dispute,0,0,24.0
CLM-2022-10004,-1.0,0.0,1.0,0.2,1,1,fraud,0,0,12.0
CLM-2024-10005,0.0,0.0,1.0,0.45,0,0,,0,0,5.5
CLM-2022-10006,0.0,0.0,0.0,0.0,10,4,attorney; legal action; my attorney; dispute,9,0,100.0
CLM-2022-10007,1.0,0.0,1.0,0.7,0,1,dispute,0,0,3.0
CLM-2023-10008,0.0,1.0,1.0,0.75,0,1,dispute,0,0,2.5
CLM-2022-10009,0.0,1.0,0.0,0.3,0,1,dispute,0,0,7.0
CLM-2022-10010,-1.0,0.0,-1.0,-0.7,1,1,fraud,0,0,21.0
CLM-2024-10011,-1.0,0.0,0.0,-0.25,15,6,attorney; litigation; legal action; my attorney; demand; dispute,9,0,100.0
CLM-2022-10012,0.0,0.0,-1.0,-0.45,16,6,attorney; litigation; sue; my attorney; demand; bad faith,13,0,100.0
CLM-2022-10013,0.0,0.0,1.0,0.45,0,1,dispute,0,0,5.5
CLM-2023-10014,0.0,-1.0,-1.0,-0.75,12,5,attorney; litigation; demand; bad faith; escalate,8,1,100.0
CLM-2022-10015,0.0,0.0,0.0,0.0,0,1,dispute,0,0,10.0
CLM-2022-10016,0.0,0.0,-1.0,-0.45,5,3,attorney; escalate; dispute,0,0,34.5
CLM-2022-10017,0.0,0.0,-1.0,-0.45,5,3,attorney; escalate; dispute,0,0,34.5
CLM-2023-10018,0.0,0.0,-1.0,-0.45,7,4,attorney; escalate; dispute; independent appraisal,4,0,66.5
CLM-2024-10019,1.0,1.0,1.0,1.0,0,1,dispute,0,0,0.0
CLM-2024-10020,0.0,0.0,-1.0,-0.45,9,4,attorney; litigation; demand; dispute,8,0,98.5
CLM-2023-10021,0.0,0.0,1.0,0.45,0,1,dispute,0,0,5.5
CLM-2023-10022,-1.0,-1.0,1.0,-0.1,4,2,attorney; fraud,0,1,37.0
CLM-2023-10023,0.0,1.0,1.0,0.75,0,1,dispute,0,0,2.5
CLM-2022-10024,0.0,-1.0,1.0,0.15,2,2,attorney; dispute,0,1,26.5
CLM-2024-10025,0.0,0.0,-1.0,-0.45,1,2,dispute; independent appraisal,0,0,18.5
CLM-2024-10026,-1.0,-1.0,1.0,-0.1,4,2,attorney; fraud,0,1,37.0
CLM-2022-10027,-1.0,-1.0,-1.0,-1.0,19,9,attorney; legal action; my attorney; doi complaint; unacceptable; bad faith; news; unreasonable; dispute,14,1,100.0
CLM-2023-10028,0.0,0.0,1.0,0.45,4,3,attorney; escalate; dispute,0,0,21.5
CLM-2024-10029,0.0,0.0,1.0,0.45,0,0,,0,0,5.5
CLM-2024-10030,-1.0,-1.0,0.0,-0.55,18,7,attorney; litigation; legal action; my attorney; demand; bad faith; escalate,9,1,100.0
CLM-2024-10031,-1.0,-1.0,-1.0,-1.0,4,2,attorney; fraud,0,1,46.0
CLM-2022-10032,0.0,0.0,1.0,0.45,1,2,dispute; independent appraisal,0,0,9.5
CLM-2024-10033,0.0,0.0,-1.0,-0.45,4,3,escalate; dispute; independent appraisal,4,0,54.5
CLM-2023-10034,0.0,0.0,1.0,0.45,0,0,,0,0,5.5
CLM-2023-10035,-1.0,0.0,0.0,-0.25,10,4,attorney; legal action; my attorney; dispute,9,0,100.0
CLM-2024-10036,0.0,0.0,-1.0,-0.45,15,7,attorney; legal action; my attorney; unacceptable; bad faith; news; dispute,14,0,100.0
CLM-2023-10037,0.0,1.0,1.0,0.75,0,1,dispute,0,0,2.5
CLM-2024-10038,0.0,1.0,1.0,0.75,0,1,dispute,0,0,2.5
CLM-2022-10039,1.0,0.0,1.0,0.7,0,1,dispute,0,0,3.0
CLM-2023-10040,0.0,0.0,-1.0,-0.45,3,2,doi complaint; dispute,0,0,26.5
CLM-2023-10041,0.0,0.0,-1.0,-0.45,14,6,attorney; litigation; my attorney; demand; bad faith; dispute,13,0,100.0
CLM-2024-10042,0.0,-1.0,-1.0,-0.75,19,9,attorney; legal action; my attorney; doi complaint; unacceptable; bad faith; news; unreasonable; dispute,14,1,100.0
CLM-2024-10043,-1.0,-1.0,-1.0,-1.0,18,8,attorney; litigation; my attorney; doi complaint; demand; bad faith; unreasonable; dispute,13,1,100.0
CLM-2023-10044,0.0,0.0,-1.0,-0.45,4,3,escalate; dispute; independent appraisal,4,0,54.5
CLM-2023-10045,0.0,0.0,0.0,0.0,0,0,,0,0,10.0
CLM-2024-10046,0.0,0.0,1.0,0.45,0,0,,0,0,5.5
CLM-2023-10047,0.0,0.0,0.0,0.0,10,4,attorney; legal action; my attorney; dispute,9,0,100.0
CLM-2024-10048,0.0,0.0,-1.0,-0.45,14,6,attorney; litigation; my attorney; demand; bad faith; dispute,13,0,100.0
CLM-2024-10049,0.0,0.0,1.0,0.45,1,1,dispute,0,0,9.5
CLM-2024-10050,0.0,0.0,1.0,0.45,0,1,dispute,0,0,5.5
CLM-2022-10051,0.0,0.0,1.0,0.45,3,2,doi complaint; dispute,0,0,17.5
CLM-2024-10052,0.0,0.0,1.0,0.45,7,4,attorney; escalate; no response; dispute,1,0,39.5
CLM-2022-10053,1.0,0.0,1.0,0.7,0,1,dispute,0,0,3.0
CLM-2023-10054,1.0,0.0,1.0,0.7,0,1,dispute,0,0,3.0
CLM-2024-10055,0.0,0.0,1.0,0.45,0,1,dispute,0,0,5.5
CLM-2023-10056,0.0,0.0,1.0,0.45,0,0,,0,0,5.5
CLM-2022-10057,1.0,0.0,1.0,0.7,0,1,dispute,0,0,3.0
CLM-2024-10058,0.0,1.0,1.0,0.75,1,1,dispute,0,0,6.5
CLM-2023-10059,0.0,0.0,-1.0,-0.45,19,8,attorney; litigation; legal action; my attorney; unacceptable; demand; bad faith; news,14,0,100.0
CLM-2022-10060,0.0,0.0,1.0,0.45,4,3,attorney; escalate; dispute,0,0,21.5
CLM-2023-10061,0.0,0.0,1.0,0.45,0,1,dispute,0,0,5.5
CLM-2023-10062,0.0,-1.0,-1.0,-0.75,7,4,attorney; escalate; dispute; independent appraisal,4,1,79.5
CLM-2022-10063,1.0,0.0,1.0,0.7,0,1,dispute,0,0,3.0
CLM-2024-10064,0.0,1.0,0.0,0.3,0,1,dispute,0,0,7.0
CLM-2022-10065,-1.0,0.0,-1.0,-0.7,18,8,attorney; litigation; legal action; my attorney; unacceptable; bad faith; news; dispute,14,0,100.0
CLM-2023-10066,-1.0,0.0,-1.0,-0.7,14,6,attorney; litigation; my attorney; demand; bad faith; dispute,13,0,100.0
CLM-2022-10067,0.0,0.0,-1.0,-0.45,15,7,attorney; legal action; my attorney; unacceptable; bad faith; news; dispute,14,0,100.0
CLM-2024-10068,0.0,0.0,-1.0,-0.45,18,8,attorney; litigation; legal action; my attorney; unacceptable; bad faith; news; dispute,14,0,100.0
CLM-2024-10069,1.0,1.0,1.0,1.0,0,1,dispute,0,0,0.0
CLM-2023-10070,0.0,0.0,1.0,0.45,5,3,attorney; escalate; dispute,0,0,25.5
CLM-2023-10071,-1.0,-1.0,0.0,-0.55,15,6,attorney; sue; my attorney; doi complaint; bad faith; unreasonable,9,1,100.0
CLM-2022-10072,-1.0,-1.0,0.0,-0.55,19,8,attorney; litigation; sue; my attorney; demand; bad faith; escalate; dispute,9,1,100.0
CLM-2024-10073,-1.0,0.0,-1.0,-0.7,14,6,attorney; litigation; my attorney; demand; bad faith; dispute,13,0,100.0
CLM-2022-10074,0.0,1.0,0.0,0.3,0,1,dispute,0,0,7.0
CLM-2023-10075,0.0,0.0,1.0,0.45,0,0,,0,0,5.5
CLM-2023-10076,-1.0,-1.0,0.0,-0.55,18,7,attorney; legal action; sue; my attorney; doi complaint; bad faith; unreasonable,9,1,100.0
CLM-2024-10077,0.0,0.0,1.0,0.45,4,3,attorney; escalate; dispute,0,0,21.5
CLM-2022-10078,1.0,1.0,1.0,1.0,0,1,dispute,0,0,0.0
CLM-2024-10079,0.0,0.0,-1.0,-0.45,7,4,doi complaint; escalate; dispute; independent appraisal,4,0,66.5
CLM-2022-10080,0.0,0.0,1.0,0.45,0,0,,0,0,5.5
CLM-2023-10081,-1.0,0.0,-1.0,-0.7,14,6,attorney; litigation; my attorney; demand; bad faith; dispute,13,0,100.0
CLM-2024-10082,0.0,1.0,1.0,0.75,0,1,dispute,0,0,2.5
CLM-2024-10083,0.0,0.0,1.0,0.45,0,0,,0,0,5.5
CLM-2024-10084,0.0,0.0,1.0,0.45,0,0,,0,0,5.5
CLM-2023-10085,0.0,0.0,1.0,0.45,0,0,,0,0,5.5
CLM-2023-10086,0.0,0.0,1.0,0.45,5,3,attorney; escalate; dispute,0,0,25.5
CLM-2024-10087,0.0,1.0,1.0,0.75,0,1,dispute,0,0,2.5
CLM-2023-10088,0.0,-1.0,-1.0,-0.75,7,4,attorney; escalate; dispute; independent appraisal,4,1,79.5
CLM-2023-10089,1.0,1.0,0.0,0.55,0,1,dispute,0,0,4.5
CLM-2022-10090,0.0,0.0,0.0,0.0,13,5,attorney; litigation; sue; my attorney; dispute,9,0,100.0
CLM-2023-10091,0.0,-1.0,-1.0,-0.75,18,8,attorney; legal action; my attorney; doi complaint; unacceptable; bad faith; news; unreasonable,14,1,100.0
CLM-2022-10092,0.0,0.0,-1.0,-0.45,9,4,attorney; litigation; demand; dispute,8,0,98.5
CLM-2023-10093,0.0,0.0,1.0,0.45,0,0,,0,0,5.5
CLM-2024-10094,0.0,0.0,0.0,0.0,0,0,,0,0,10.0
CLM-2022-10095,0.0,-1.0,0.0,-0.3,16,7,attorney; sue; my attorney; doi complaint; bad faith; unreasonable; dispute,9,1,100.0
CLM-2024-10096,-1.0,0.0,-1.0,-0.7,14,6,attorney; litigation; my attorney; demand; bad faith; dispute,13,0,100.0
CLM-2024-10097,0.0,0.0,1.0,0.45,0,0,,0,0,5.5
CLM-2024-10098,0.0,0.0,1.0,0.45,5,3,attorney; escalate; dispute,0,0,25.5
CLM-2022-10099,-1.0,0.0,-1.0,-0.7,9,4,attorney; litigation; demand; dispute,8,0,100.0
CLM-2023-10100,0.0,0.0,0.0,0.0,0,0,,0,0,10.0
CLM-2024-10101,1.0,0.0,1.0,0.7,0,1,dispute,0,0,3.0
CLM-2024-10102,0.0,1.0,1.0,0.75,0,1,dispute,0,0,2.5
CLM-2023-10103,0.0,0.0,1.0,0.45,3,2,doi complaint; dispute,0,0,17.5
CLM-2023-10104,0.0,1.0,1.0,0.75,0,1,dispute,0,0,2.5
CLM-2024-10105,-1.0,-1.0,-1.0,-1.0,13,6,attorney; litigation; demand; bad faith; escalate; dispute,8,1,100.0
CLM-2022-10106,0.0,0.0,1.0,0.45,0,0,,0,0,5.5
CLM-2022-10107,0.0,0.0,0.0,0.0,13,5,attorney; litigation; legal action; my attorney; dispute,9,0,100.0
CLM-2024-10108,-1.0,0.0,0.0,-0.25,13,5,attorney; litigation; sue; my attorney; dispute,9,0,100.0
CLM-2022-10109,0.0,0.0,-1.0,-0.45,18,8,attorney; litigation; legal action; my attorney; unacceptable; bad faith; news; dispute,14,0,100.0
CLM-2023-10110,0.0,-1.0,1.0,0.15,2,1,attorney,0,1,26.5
CLM-2024-10111,0.0,0.0,0.0,0.0,0,0,,0,0,10.0
CLM-2024-10112,0.0,0.0,-1.0,-0.45,5,3,attorney; escalate; dispute,0,0,34.5
CLM-2024-10113,0.0,-1.0,-1.0,-0.75,14,6,attorney; litigation; doi complaint; demand; bad faith; unreasonable,8,1,100.0
CLM-2024-10114,0.0,-1.0,0.0,-0.3,18,7,attorney; litigation; sue; my attorney; demand; bad faith; escalate,9,1,100.0
CLM-2023-10115,0.0,0.0,1.0,0.45,4,2,attorney; escalate,0,0,21.5
CLM-2022-10116,0.0,0.0,1.0,0.45,0,0,,0,0,5.5
CLM-2024-10117,0.0,-1.0,1.0,0.15,3,2,attorney; dispute,0,1,30.5
CLM-2024-10118,0.0,1.0,1.0,0.75,1,1,dispute,0,0,6.5
CLM-2023-10119,0.0,0.0,-1.0,-0.45,4,2,attorney; escalate,0,0,30.5
CLM-2024-10120,0.0,0.0,-1.0,-0.45,13,5,attorney; litigation; my attorney; demand; bad faith,13,0,100.0
CLM-2022-10121,0.0,-1.0,-1.0,-0.75,12,5,attorney; litigation; demand; bad faith; escalate,8,1,100.0
CLM-2024-10122,0.0,0.0,1.0,0.45,0,2,dispute; independent appraisal,0,0,5.5
CLM-2022-10123,0.0,0.0,1.0,0.45,3,3,no response; dispute; independent appraisal,1,0,23.5
CLM-2023-10124,1.0,1.0,1.0,1.0,0,1,dispute,0,0,0.0
CLM-2022-10125,0.0,-1.0,-1.0,-0.75,21,9,attorney; litigation; legal action; my attorney; unacceptable; demand; bad faith; news; escalate,14,1,100.0
CLM-2023-10126,-1.0,0.0,1.0,0.2,6,3,attorney; fraud; escalate,0,0,32.0
CLM-2023-10127,0.0,0.0,1.0,0.45,0,0,,0,0,5.5
CLM-2023-10128,0.0,0.0,1.0,0.45,0,1,dispute,0,0,5.5
CLM-2022-10129,0.0,-1.0,0.0,-0.3,16,7,attorney; sue; my attorney; doi complaint; bad faith; unreasonable; dispute,9,1,100.0
CLM-2024-10130,0.0,0.0,-1.0,-0.45,7,4,attorney; escalate; dispute; independent appraisal,4,0,66.5
CLM-2024-10131,1.0,0.0,1.0,0.7,0,1,dispute,0,0,3.0
CLM-2023-10132,0.0,0.0,1.0,0.45,0,0,,0,0,5.5
CLM-2023-10133,0.0,-1.0,-1.0,-0.75,7,4,attorney; escalate; dispute; independent appraisal,4,1,79.5
CLM-2022-10134,-1.0,0.0,1.0,0.2,5,3,doi complaint; fraud; dispute,0,0,28.0
CLM-2022-10135,0.0,1.0,1.0,0.75,0,1,dispute,0,0,2.5
CLM-2022-10136,0.0,-1.0,1.0,0.15,2,2,attorney; dispute,0,1,26.5
CLM-2024-10137,0.0,-1.0,1.0,0.15,2,1,attorney,0,1,26.5
CLM-2023-10138,0.0,0.0,-1.0,-0.45,4,3,escalate; dispute; independent appraisal,4,0,54.5
CLM-2024-10139,0.0,0.0,0.0,0.0,14,5,attorney; litigation; sue; my attorney; demand,9,0,100.0
CLM-2022-10140,-1.0,0.0,0.0,-0.25,10,4,attorney; sue; my attorney; dispute,9,0,100.0
CLM-2022-10141,0.0,0.0,-1.0,-0.45,19,8,attorney; litigation; legal action; my attorney; unacceptable; demand; bad faith; news,14,0,100.0
CLM-2022-10142,1.0,1.0,1.0,1.0,0,1,dispute,0,0,0.0
CLM-2023-10143,1.0,0.0,1.0,0.7,0,1,dispute,0,0,3.0
CLM-2023-10144,0.0,0.0,1.0,0.45,2,2,doi complaint; dispute,0,0,13.5
CLM-2022-10145,-1.0,0.0,1.0,0.2,5,4,fraud; no response; dispute; independent appraisal,1,0,34.0
CLM-2023-10146,0.0,0.0,1.0,0.45,0,2,dispute; independent appraisal,0,0,5.5
CLM-2022-10147,-1.0,-1.0,0.0,-0.55,19,8,attorney; litigation; legal action; my attorney; demand; bad faith; escalate; dispute,9,1,100.0
CLM-2023-10148,0.0,0.0,1.0,0.45,0,1,dispute,0,0,5.5
CLM-2024-10149,0.0,0.0,1.0,0.45,0,0,,0,0,5.5
CLM-2024-10150,-1.0,0.0,-1.0,-0.7,17,7,attorney; litigation; sue; my attorney; demand; bad faith; dispute,13,0,100.0
CLM-2024-10151,0.0,0.0,1.0,0.45,0,0,,0,0,5.5
CLM-2023-10152,1.0,0.0,1.0,0.7,0,1,dispute,0,0,3.0
CLM-2023-10153,0.0,0.0,0.0,0.0,0,0,,0,0,10.0
CLM-2022-10154,0.0,0.0,-1.0,-0.45,9,4,attorney; litigation; demand; dispute,8,0,98.5
CLM-2024-10155,1.0,0.0,1.0,0.7,0,1,dispute,0,0,3.0
CLM-2022-10156,0.0,0.0,-1.0,-0.45,14,6,attorney; litigation; my attorney; demand; bad faith; dispute,13,0,100.0
CLM-2023-10157,0.0,0.0,-1.0,-0.45,18,8,attorney; litigation; legal action; my attorney; unacceptable; bad faith; news; dispute,14,0,100.0
CLM-2024-10158,0.0,0.0,-1.0,-0.45,3,2,doi complaint; dispute,0,0,26.5
CLM-2024-10159,-1.0,0.0,-1.0,-0.7,14,6,attorney; litigation; my attorney; demand; bad faith; dispute,13,0,100.0
CLM-2024-10160,0.0,1.0,1.0,0.75,0,1,dispute,0,0,2.5
CLM-2022-10161,-1.0,0.0,1.0,0.2,3,2,fraud; no response,1,0,26.0
CLM-2024-10162,0.0,0.0,-1.0,-0.45,14,6,attorney; litigation; my attorney; demand; bad faith; dispute,13,0,100.0
CLM-2022-10163,0.0,-1.0,0.0,-0.3,16,7,attorney; legal action; my attorney; doi complaint; bad faith; unreasonable; dispute,9,1,100.0
CLM-2024-10164,0.0,-1.0,-1.0,-0.75,15,6,attorney; litigation; my attorney; demand; bad faith; escalate,13,1,100.0
CLM-2023-10165,-1.0,-1.0,-1.0,-1.0,16,7,attorney; litigation; my attorney; demand; bad faith; escalate; dispute,13,1,100.0
CLM-2022-10166,0.0,-1.0,0.0,-0.3,16,7,attorney; legal action; my attorney; doi complaint; bad faith; unreasonable; dispute,9,1,100.0
CLM-2024-10167,0.0,1.0,1.0,0.75,0,1,dispute,0,0,2.5
CLM-2024-10168,-1.0,-1.0,0.0,-0.55,18,7,attorney; litigation; legal action; my attorney; demand; bad faith; escalate,9,1,100.0
CLM-2023-10169,0.0,0.0,1.0,0.45,0,0,,0,0,5.5
CLM-2022-10170,0.0,-1.0,1.0,0.15,5,3,attorney; no response; dispute,1,1,44.5
CLM-2023-10171,0.0,0.0,1.0,0.45,0,0,,0,0,5.5
CLM-2024-10172,0.0,0.0,1.0,0.45,0,1,dispute,0,0,5.5
CLM-2024-10173,-1.0,0.0,-1.0,-0.7,14,6,attorney; litigation; my attorney; demand; bad faith; dispute,13,0,100.0
CLM-2023-10174,-1.0,0.0,0.0,-0.25,10,4,attorney; legal action; my attorney; dispute,9,0,100.0
CLM-2023-10175,0.0,1.0,1.0,0.75,0,1,dispute,0,0,2.5
CLM-2024-10176,-1.0,-1.0,-1.0,-1.0,16,7,attorney; litigation; sue; demand; bad faith; escalate; dispute,8,1,100.0
CLM-2022-10177,-1.0,0.0,1.0,0.2,5,3,doi complaint; fraud; dispute,0,0,28.0
CLM-2024-10178,0.0,-1.0,-1.0,-0.75,2,1,attorney,0,1,35.5
CLM-2022-10179,-1.0,-1.0,-1.0,-1.0,14,6,attorney; litigation; doi complaint; demand; bad faith; unreasonable,8,1,100.0
CLM-2024-10180,0.0,0.0,0.0,0.0,0,0,,0,0,10.0
CLM-2023-10181,-1.0,0.0,1.0,0.2,3,2,fraud; no response,1,0,26.0
CLM-2023-10182,0.0,0.0,1.0,0.45,2,2,doi complaint; dispute,0,0,13.5
CLM-2024-10183,0.0,0.0,1.0,0.45,0,1,dispute,0,0,5.5
CLM-2024-10184,0.0,0.0,1.0,0.45,1,2,dispute; independent appraisal,0,0,9.5
CLM-2024-10185,0.0,0.0,0.0,0.0,0,0,,0,0,10.0
CLM-2022-10186,0.0,0.0,0.0,0.0,10,4,attorney; sue; my attorney; dispute,9,0,100.0
CLM-2023-10187,0.0,0.0,-1.0,-0.45,9,4,attorney; litigation; demand; dispute,8,0,98.5
CLM-2022-10188,0.0,-1.0,-1.0,-0.75,17,7,attorney; litigation; my attorney; doi complaint; demand; bad faith; unreasonable,13,1,100.0
CLM-2023-10189,0.0,0.0,1.0,0.45,0,0,,0,0,5.5
CLM-2023-10190,0.0,0.0,1.0,0.45,3,3,no response; dispute; independent appraisal,1,0,23.5
CLM-2024-10191,0.0,0.0,-1.0,-0.45,4,3,escalate; dispute; independent appraisal,4,0,54.5
CLM-2024-10192,-1.0,-1.0,0.0,-0.55,19,8,attorney; litigation; legal action; my attorney; demand; bad faith; escalate; dispute,9,1,100.0
CLM-2022-10193,0.0,0.0,0.0,0.0,13,5,attorney; litigation; sue; my attorney; dispute,9,0,100.0
CLM-2024-10194,0.0,0.0,-1.0,-0.45,9,4,attorney; litigation; demand; dispute,8,0,98.5
CLM-2023-10195,0.0,1.0,1.0,0.75,0,1,dispute,0,0,2.5
CLM-2024-10196,-1.0,0.0,1.0,0.2,8,4,attorney; fraud; escalate; no response,1,0,46.0
CLM-2024-10197,0.0,0.0,1.0,0.45,0,0,,0,0,5.5
CLM-2023-10198,0.0,0.0,-1.0,-0.45,3,2,doi complaint; dispute,0,0,26.5
CLM-2024-10199,-1.0,0.0,-1.0,-0.7,9,4,attorney; litigation; demand; dispute,8,0,100.0
CLM-2022-10200,0.0,1.0,1.0,0.75,1,1,dispute,0,0,6.5
CLM-2024-10201,0.0,1.0,1.0,0.75,0,1,dispute,0,0,2.5
CLM-2024-10202,0.0,0.0,1.0,0.45,4,2,attorney; escalate,0,0,21.5
CLM-2023-10203,0.0,0.0,-1.0,-0.45,9,4,attorney; litigation; demand; dispute,8,0,98.5
CLM-2023-10204,0.0,1.0,0.0,0.3,0,1,dispute,0,0,7.0
CLM-2024-10205,-1.0,0.0,-1.0,-0.7,9,4,attorney; litigation; demand; dispute,8,0,100.0
CLM-2023-10206,0.0,0.0,1.0,0.45,0,0,,0,0,5.5
CLM-2023-10207,-1.0,0.0,-1.0,-0.7,17,7,attorney; litigation; sue; my attorney; demand; bad faith; dispute,13,0,100.0
CLM-2022-10208,-1.0,0.0,-1.0,-0.7,14,6,attorney; litigation; my attorney; demand; bad faith; dispute,13,0,100.0
CLM-2024-10209,-1.0,0.0,-1.0,-0.7,14,6,attorney; litigation; my attorney; demand; bad faith; dispute,13,0,100.0
CLM-2022-10210,-1.0,0.0,-1.0,-0.7,14,6,attorney; litigation; my attorney; demand; bad faith; dispute,13,0,100.0
CLM-2023-10211,1.0,1.0,1.0,1.0,0,1,dispute,0,0,0.0
CLM-2022-10212,-1.0,-1.0,-1.0,-1.0,9,5,attorney; fraud; escalate; dispute; independent appraisal,4,1,90.0
CLM-2024-10213,0.0,0.0,0.0,0.0,14,5,attorney; litigation; legal action; my attorney; demand,9,0,100.0
CLM-2024-10214,-1.0,0.0,-1.0,-0.7,5,3,doi complaint; fraud; dispute,0,0,37.0
CLM-2022-10215,0.0,0.0,-1.0,-0.45,4,3,escalate; dispute; independent appraisal,4,0,54.5
CLM-2022-10216,1.0,0.0,1.0,0.7,0,1,dispute,0,0,3.0
CLM-2024-10217,-1.0,0.0,0.0,-0.25,13,5,attorney; legal action; sue; my attorney; dispute,9,0,100.0
CLM-2023-10218,0.0,1.0,0.0,0.3,0,1,dispute,0,0,7.0
CLM-2024-10219,0.0,1.0,1.0,0.75,0,1,dispute,0,0,2.5
CLM-2022-10220,-1.0,-1.0,-1.0,-1.0,15,6,attorney; litigation; sue; demand; bad faith; escalate,8,1,100.0
CLM-2022-10221,0.0,0.0,1.0,0.45,0,0,,0,0,5.5
CLM-2023-10222,1.0,0.0,1.0,0.7,0,1,dispute,0,0,3.0
CLM-2022-10223,0.0,0.0,1.0,0.45,0,0,,0,0,5.5
CLM-2023-10224,0.0,1.0,0.0,0.3,0,1,dispute,0,0,7.0
CLM-2022-10225,0.0,0.0,-1.0,-0.45,15,7,attorney; legal action; my attorney; unacceptable; bad faith; news; dispute,14,0,100.0
CLM-2024-10226,0.0,1.0,0.0,0.3,0,1,dispute,0,0,7.0
CLM-2022-10227,0.0,1.0,0.0,0.3,0,1,dispute,0,0,7.0
CLM-2023-10228,0.0,0.0,-1.0,-0.45,1,2,dispute; independent appraisal,0,0,18.5
CLM-2024-10229,-1.0,-1.0,-1.0,-1.0,16,7,attorney; litigation; my attorney; demand; bad faith; escalate; dispute,13,1,100.0
CLM-2022-10230,0.0,0.0,1.0,0.45,0,1,dispute,0,0,5.5
CLM-2023-10231,0.0,0.0,1.0,0.45,0,1,dispute,0,0,5.5
CLM-2022-10232,0.0,0.0,1.0,0.45,0,0,,0,0,5.5
CLM-2022-10233,0.0,0.0,1.0,0.45,0,0,,0,0,5.5
CLM-2023-10234,0.0,0.0,1.0,0.45,5,3,doi complaint; no response; dispute,1,0,31.5
CLM-2023-10235,0.0,1.0,1.0,0.75,0,1,dispute,0,0,2.5
CLM-2023-10236,0.0,1.0,0.0,0.3,0,1,dispute,0,0,7.0
CLM-2022-10237,0.0,1.0,0.0,0.3,0,1,dispute,0,0,7.0
CLM-2023-10238,0.0,0.0,0.0,0.0,10,4,attorney; legal action; my attorney; dispute,9,0,100.0
CLM-2024-10239,0.0,0.0,1.0,0.45,0,0,,0,0,5.5
CLM-2022-10240,0.0,1.0,1.0,0.75,0,1,dispute,0,0,2.5
CLM-2024-10241,0.0,0.0,-1.0,-0.45,4,3,escalate; dispute; independent appraisal,4,0,54.5
CLM-2024-10242,-1.0,-1.0,-1.0,-1.0,15,7,attorney; litigation; doi complaint; demand; bad faith; unreasonable; dispute,8,1,100.0
CLM-2022-10243,0.0,0.0,1.0,0.45,0,0,,0,0,5.5
CLM-2024-10244,-1.0,-1.0,1.0,-0.1,3,2,attorney; fraud,0,1,33.0
CLM-2023-10245,0.0,1.0,1.0,0.75,0,1,dispute,0,0,2.5
CLM-2022-10246,-1.0,0.0,-1.0,-0.7,15,7,attorney; legal action; my attorney; unacceptable; bad faith; news; dispute,14,0,100.0
CLM-2023-10247,0.0,0.0,0.0,0.0,0,0,,0,0,10.0
CLM-2024-10248,0.0,-1.0,1.0,0.15,2,2,attorney; dispute,0,1,26.5
CLM-2024-10249,0.0,-1.0,-1.0,-0.75,14,6,attorney; litigation; doi complaint; demand; bad faith; unreasonable,8,1,100.0
CLM-2023-10250,0.0,0.0,1.0,0.45,0,0,,0,0,5.5
CLM-2024-10251,0.0,0.0,0.0,0.0,0,1,dispute,0,0,10.0
CLM-2024-10252,0.0,0.0,-1.0,-0.45,0,1,dispute,0,0,14.5
CLM-2023-10253,0.0,0.0,1.0,0.45,0,0,,0,0,5.5
CLM-2022-10254,0.0,0.0,-1.0,-0.45,4,3,escalate; dispute; independent appraisal,4,0,54.5
CLM-2024-10255,0.0,0.0,1.0,0.45,0,0,,0,0,5.5
CLM-2022-10256,0.0,-1.0,-1.0,-0.75,21,9,attorney; litigation; legal action; my attorney; unacceptable; demand; bad faith; news; escalate,14,1,100.0
CLM-2022-10257,0.0,0.0,1.0,0.45,0,1,dispute,0,0,5.5
CLM-2022-10258,0.0,-1.0,-1.0,-0.75,12,5,attorney; litigation; demand; bad faith; escalate,8,1,100.0
CLM-2023-10259,0.0,1.0,1.0,0.75,0,1,dispute,0,0,2.5
CLM-2023-10260,-1.0,-1.0,0.0,-0.55,18,7,attorney; litigation; sue; my attorney; demand; bad faith; escalate,9,1,100.0
CLM-2023-10261,0.0,-1.0,1.0,0.15,5,3,attorney; no response; dispute,1,1,44.5
CLM-2022-10262,0.0,0.0,1.0,0.45,4,3,attorney; escalate; dispute,0,0,21.5
CLM-2023-10263,0.0,0.0,1.0,0.45,0,0,,0,0,5.5
CLM-2022-10264,0.0,0.0,-1.0,-0.45,14,6,attorney; litigation; my attorney; demand; bad faith; dispute,13,0,100.0
CLM-2024-10265,0.0,0.0,0.0,0.0,0,0,,0,0,10.0
CLM-2022-10266,0.0,0.0,1.0,0.45,0,1,dispute,0,0,5.5
CLM-2024-10267,-1.0,-1.0,-1.0,-1.0,19,8,attorney; litigation; sue; my attorney; demand; bad faith; escalate; dispute,13,1,100.0
CLM-2024-10268,0.0,0.0,0.0,0.0,14,5,attorney; litigation; legal action; my attorney; demand,9,0,100.0
CLM-2022-10269,0.0,0.0,-1.0,-0.45,7,4,attorney; escalate; dispute; independent appraisal,4,0,66.5
CLM-2022-10270,0.0,0.0,-1.0,-0.45,7,4,doi complaint; escalate; dispute; independent appraisal,4,0,66.5
CLM-2024-10271,0.0,-1.0,1.0,0.15,2,1,attorney,0,1,26.5
CLM-2023-10272,-1.0,0.0,-1.0,-0.7,20,9,attorney; litigation; legal action; my attorney; unacceptable; demand; bad faith; news; dispute,14,0,100.0
CLM-2023-10273,1.0,0.0,1.0,0.7,0,1,dispute,0,0,3.0
CLM-2024-10274,-1.0,-1.0,-1.0,-1.0,12,5,attorney; litigation; demand; bad faith; escalate,8,1,100.0
CLM-2022-10275,0.0,1.0,1.0,0.75,0,1,dispute,0,0,2.5
CLM-2024-10276,-1.0,0.0,-1.0,-0.7,15,7,attorney; legal action; my attorney; unacceptable; bad faith; news; dispute,14,0,100.0
CLM-2022-10277,0.0,0.0,1.0,0.45,1,2,dispute; independent appraisal,0,0,9.5
CLM-2024-10278,0.0,0.0,-1.0,-0.45,5,3,attorney; escalate; dispute,0,0,34.5
CLM-2023-10279,0.0,0.0,0.0,0.0,0,1,dispute,0,0,10.0
CLM-2022-10280,0.0,0.0,0.0,0.0,13,5,attorney; litigation; legal action; my attorney; dispute,9,0,100.0
CLM-2022-10281,1.0,0.0,0.0,0.25,0,1,dispute,0,0,7.5
CLM-2023-10282,0.0,-1.0,-1.0,-0.75,14,6,attorney; litigation; doi complaint; demand; bad faith; unreasonable,8,1,100.0
CLM-2022-10283,0.0,-1.0,-1.0,-0.75,18,8,attorney; litigation; my attorney; doi complaint; demand; bad faith; unreasonable; dispute,13,1,100.0
CLM-2022-10284,0.0,0.0,-1.0,-0.45,4,3,escalate; dispute; independent appraisal,4,0,54.5
CLM-2023-10285,1.0,1.0,1.0,1.0,0,1,dispute,0,0,0.0
CLM-2022-10286,0.0,0.0,1.0,0.45,3,3,no response; dispute; independent appraisal,1,0,23.5
CLM-2024-10287,0.0,0.0,-1.0,-0.45,18,8,attorney; litigation; legal action; my attorney; unacceptable; bad faith; news; dispute,14,0,100.0
CLM-2023-10288,-1.0,-1.0,-1.0,-1.0,22,10,attorney; litigation; legal action; my attorney; unacceptable; demand; bad faith; news; escalate; dispute,14,1,100.0
CLM-2022-10289,0.0,1.0,1.0,0.75,0,1,dispute,0,0,2.5
CLM-2024-10290,0.0,1.0,0.0,0.3,0,1,dispute,0,0,7.0
CLM-2024-10291,1.0,0.0,1.0,0.7,0,1,dispute,0,0,3.0
CLM-2024-10292,0.0,0.0,1.0,0.45,3,3,no response; dispute; independent appraisal,1,0,23.5
CLM-2022-10293,0.0,0.0,-1.0,-0.45,7,4,doi complaint; escalate; dispute; independent appraisal,4,0,66.5
CLM-2024-10294,0.0,0.0,0.0,0.0,13,5,attorney; litigation; sue; my attorney; dispute,9,0,100.0
CLM-2022-10295,0.0,0.0,1.0,0.45,0,0,,0,0,5.5
CLM-2022-10296,-1.0,0.0,-1.0,-0.7,15,7,attorney; legal action; my attorney; unacceptable; bad faith; news; dispute,14,0,100.0
CLM-2022-10297,-1.0,-1.0,-1.0,-1.0,16,7,attorney; litigation; my attorney; demand; bad faith; escalate; dispute,13,1,100.0
CLM-2024-10298,1.0,0.0,0.0,0.25,0,1,dispute,0,0,7.5
CLM-2023-10299,-1.0,-1.0,1.0,-0.1,3,2,attorney; fraud,0,1,33.0
CLM-2024-10300,0.0,0.0,-1.0,-0.45,0,0,,0,0,14.5
CLM-2022-10301,0.0,1.0,1.0,0.75,0,1,dispute,0,0,2.5
CLM-2024-10302,1.0,0.0,0.0,0.25,0,1,dispute,0,0,7.5
CLM-2023-10303,0.0,0.0,1.0,0.45,0,0,,0,0,5.5
CLM-2023-10304,0.0,0.0,-1.0,-0.45,13,5,attorney; litigation; my attorney; demand; bad faith,13,0,100.0
CLM-2024-10305,-1.0,-1.0,-1.0,-1.0,21,9,attorney; litigation; legal action; my attorney; unacceptable; demand; bad faith; news; escalate,14,1,100.0
CLM-2023-10306,-1.0,0.0,0.0,-0.25,14,5,attorney; litigation; sue; my attorney; demand,9,0,100.0
CLM-2023-10307,0.0,1.0,1.0,0.75,0,1,dispute,0,0,2.5
CLM-2024-10308,0.0,0.0,1.0,0.45,0,2,dispute; independent appraisal,0,0,5.5
CLM-2024-10309,0.0,1.0,1.0,0.75,0,1,dispute,0,0,2.5
CLM-2022-10310,0.0,0.0,-1.0,-0.45,13,5,attorney; litigation; my attorney; demand; bad faith,13,0,100.0
CLM-2023-10311,-1.0,0.0,-1.0,-0.7,9,4,attorney; litigation; demand; dispute,8,0,100.0
CLM-2024-10312,1.0,0.0,1.0,0.7,0,1,dispute,0,0,3.0
CLM-2023-10313,-1.0,0.0,0.0,-0.25,14,5,attorney; litigation; legal action; my attorney; demand,9,0,100.0
CLM-2023-10314,0.0,0.0,0.0,0.0,10,4,attorney; sue; my attorney; dispute,9,0,100.0
CLM-2023-10315,-1.0,0.0,-1.0,-0.7,9,5,attorney; fraud; escalate; dispute; independent appraisal,4,0,77.0
CLM-2024-10316,0.0,0.0,-1.0,-0.45,13,5,attorney; litigation; my attorney; demand; bad faith,13,0,100.0
CLM-2022-10317,0.0,0.0,0.0,0.0,13,5,attorney; litigation; sue; my attorney; dispute,9,0,100.0
CLM-2024-10318,0.0,0.0,1.0,0.45,0,2,dispute; independent appraisal,0,0,5.5
CLM-2022-10319,0.0,0.0,-1.0,-0.45,4,3,escalate; dispute; independent appraisal,4,0,54.5
CLM-2023-10320,-1.0,0.0,-1.0,-0.7,3,3,fraud; dispute; independent appraisal,0,0,29.0
CLM-2022-10321,0.0,1.0,1.0,0.75,0,1,dispute,0,0,2.5
CLM-2024-10322,0.0,0.0,1.0,0.45,0,1,dispute,0,0,5.5
CLM-2023-10323,1.0,0.0,1.0,0.7,0,1,dispute,0,0,3.0
CLM-2022-10324,0.0,1.0,1.0,0.75,1,1,dispute,0,0,6.5
CLM-2022-10325,0.0,0.0,0.0,0.0,10,4,attorney; legal action; my attorney; dispute,9,0,100.0
CLM-2022-10326,-1.0,0.0,-1.0,-0.7,14,6,attorney; litigation; my attorney; demand; bad faith; dispute,13,0,100.0
CLM-2024-10327,-1.0,0.0,-1.0,-0.7,9,5,doi complaint; fraud; escalate; dispute; independent appraisal,4,0,77.0
CLM-2024-10328,0.0,1.0,1.0,0.75,0,1,dispute,0,0,2.5
CLM-2024-10329,0.0,-1.0,-1.0,-0.75,21,9,attorney; litigation; legal action; my attorney; unacceptable; demand; bad faith; news; escalate,14,1,100.0
CLM-2023-10330,-1.0,-1.0,-1.0,-1.0,17,7,attorney; litigation; my attorney; doi complaint; demand; bad faith; unreasonable,13,1,100.0
CLM-2022-10331,-1.0,0.0,0.0,-0.25,13,5,attorney; litigation; legal action; my attorney; dispute,9,0,100.0
CLM-2022-10332,0.0,0.0,1.0,0.45,0,0,,0,0,5.5
CLM-2023-10333,0.0,0.0,1.0,0.45,3,2,doi complaint; dispute,0,0,17.5
CLM-2023-10334,-1.0,0.0,-1.0,-0.7,5,3,doi complaint; fraud; dispute,0,0,37.0
CLM-2024-10335,-1.0,0.0,0.0,-0.25,14,5,attorney; litigation; legal action; my attorney; demand,9,0,100.0
CLM-2022-10336,0.0,1.0,1.0,0.75,0,1,dispute,0,0,2.5
CLM-2023-10337,-1.0,-1.0,-1.0,-1.0,12,5,attorney; litigation; demand; bad faith; escalate,8,1,100.0
CLM-2023-10338,0.0,-1.0,0.0,-0.3,19,8,attorney; litigation; sue; my attorney; demand; bad faith; escalate; dispute,9,1,100.0
CLM-2022-10339,0.0,0.0,1.0,0.45,5,3,attorney; escalate; dispute,0,0,25.5
CLM-2022-10340,0.0,1.0,1.0,0.75,0,1,dispute,0,0,2.5
CLM-2024-10341,1.0,1.0,1.0,1.0,0,1,dispute,0,0,0.0
CLM-2023-10342,0.0,-1.0,-1.0,-0.75,21,9,attorney; litigation; legal action; my attorney; unacceptable; demand; bad faith; news; escalate,14,1,100.0
CLM-2023-10343,1.0,0.0,1.0,0.7,0,1,dispute,0,0,3.0
CLM-2024-10344,-1.0,0.0,-1.0,-0.7,14,6,attorney; litigation; my attorney; demand; bad faith; dispute,13,0,100.0
CLM-2022-10345,0.0,0.0,0.0,0.0,0,1,dispute,0,0,10.0
CLM-2022-10346,0.0,1.0,1.0,0.75,0,1,dispute,0,0,2.5
CLM-2022-10347,0.0,0.0,0.0,0.0,0,0,,0,0,10.0
CLM-2022-10348,0.0,0.0,-1.0,-0.45,9,4,attorney; litigation; demand; dispute,8,0,98.5
CLM-2022-10349,1.0,0.0,1.0,0.7,0,1,dispute,0,0,3.0
CLM-2024-10350,0.0,-1.0,-1.0,-0.75,18,8,attorney; legal action; my attorney; doi complaint; unacceptable; bad faith; news; unreasonable,14,1,100.0
CLM-2023-10351,0.0,1.0,0.0,0.3,0,1,dispute,0,0,7.0
CLM-2024-10352,-1.0,-1.0,0.0,-0.55,15,6,attorney; sue; my attorney; doi complaint; bad faith; unreasonable,9,1,100.0
CLM-2022-10353,0.0,0.0,1.0,0.45,0,0,,0,0,5.5
CLM-2022-10354,-1.0,0.0,1.0,0.2,5,3,attorney; fraud; escalate,0,0,28.0
CLM-2024-10355,0.0,0.0,-1.0,-0.45,22,9,attorney; litigation; legal action; sue; my attorney; unacceptable; demand; bad faith; news,14,0,100.0
CLM-2024-10356,0.0,1.0,1.0,0.75,0,1,dispute,0,0,2.5
CLM-2023-10357,0.0,0.0,-1.0,-0.45,14,6,attorney; litigation; my attorney; demand; bad faith; dispute,13,0,100.0
CLM-2022-10358,-1.0,0.0,-1.0,-0.7,14,6,attorney; litigation; my attorney; demand; bad faith; dispute,13,0,100.0
CLM-2023-10359,-1.0,0.0,-1.0,-0.7,14,6,attorney; litigation; my attorney; demand; bad faith; dispute,13,0,100.0
CLM-2023-10360,0.0,0.0,1.0,0.45,0,0,,0,0,5.5
CLM-2022-10361,0.0,0.0,1.0,0.45,5,3,attorney; escalate; dispute,0,0,25.5
CLM-2022-10362,0.0,0.0,1.0,0.45,0,0,,0,0,5.5
CLM-2024-10363,0.0,0.0,1.0,0.45,0,0,,0,0,5.5
CLM-2023-10364,0.0,0.0,1.0,0.45,0,1,dispute,0,0,5.5
CLM-2022-10365,0.0,0.0,1.0,0.45,3,3,no response; dispute; independent appraisal,1,0,23.5
CLM-2022-10366,0.0,-1.0,-1.0,-0.75,15,6,attorney; litigation; my attorney; demand; bad faith; escalate,13,1,100.0
CLM-2022-10367,0.0,0.0,1.0,0.45,0,0,,0,0,5.5
CLM-2024-10368,0.0,0.0,-1.0,-0.45,13,5,attorney; litigation; my attorney; demand; bad faith,13,0,100.0
CLM-2023-10369,0.0,0.0,1.0,0.45,5,3,doi complaint; no response; dispute,1,0,31.5
CLM-2022-10370,-1.0,0.0,-1.0,-0.7,14,6,attorney; litigation; my attorney; demand; bad faith; dispute,13,0,100.0
CLM-2024-10371,1.0,0.0,1.0,0.7,0,1,dispute,0,0,3.0
CLM-2023-10372,0.0,0.0,-1.0,-0.45,0,1,dispute,0,0,14.5
CLM-2024-10373,0.0,-1.0,1.0,0.15,5,3,attorney; no response; dispute,1,1,44.5
CLM-2023-10374,1.0,0.0,1.0,0.7,0,1,dispute,0,0,3.0
CLM-2024-10375,0.0,0.0,-1.0,-0.45,7,4,doi complaint; escalate; dispute; independent appraisal,4,0,66.5
CLM-2023-10376,1.0,0.0,1.0,0.7,0,1,dispute,0,0,3.0
CLM-2024-10377,0.0,1.0,0.0,0.3,0,1,dispute,0,0,7.0
CLM-2022-10378,0.0,0.0,-1.0,-0.45,23,10,attorney; litigation; legal action; sue; my attorney; unacceptable; demand; bad faith; news; dispute,14,0,100.0
CLM-2022-10379,0.0,-1.0,0.0,-0.3,16,7,attorney; sue; my attorney; doi complaint; bad faith; unreasonable; dispute,9,1,100.0
CLM-2022-10380,1.0,0.0,1.0,0.7,0,1,dispute,0,0,3.0
CLM-2022-10381,-1.0,0.0,-1.0,-0.7,14,6,attorney; litigation; my attorney; demand; bad faith; dispute,13,0,100.0
CLM-2023-10382,-1.0,-1.0,-1.0,-1.0,4,2,attorney; fraud,0,1,46.0
CLM-2022-10383,0.0,1.0,1.0,0.75,0,1,dispute,0,0,2.5
CLM-2022-10384,0.0,0.0,-1.0,-0.45,9,4,attorney; litigation; demand; dispute,8,0,98.5
CLM-2024-10385,0.0,1.0,0.0,0.3,0,1,dispute,0,0,7.0
CLM-2022-10386,0.0,0.0,1.0,0.45,0,0,,0,0,5.5
CLM-2024-10387,1.0,0.0,1.0,0.7,0,1,dispute,0,0,3.0
CLM-2022-10388,0.0,-1.0,-1.0,-0.75,18,8,attorney; legal action; my attorney; doi complaint; unacceptable; bad faith; news; unreasonable,14,1,100.0
CLM-2023-10389,0.0,1.0,1.0,0.75,0,1,dispute,0,0,2.5
CLM-2024-10390,0.0,0.0,1.0,0.45,0,0,,0,0,5.5
CLM-2024-10391,1.0,0.0,0.0,0.25,0,1,dispute,0,0,7.5
CLM-2024-10392,0.0,0.0,-1.0,-0.45,19,8,attorney; litigation; legal action; my attorney; unacceptable; demand; bad faith; news,14,0,100.0
CLM-2023-10393,0.0,0.0,1.0,0.45,0,1,dispute,0,0,5.5
CLM-2022-10394,0.0,-1.0,-1.0,-0.75,15,6,attorney; litigation; my attorney; demand; bad faith; escalate,13,1,100.0
CLM-2022-10395,-1.0,-1.0,1.0,-0.1,4,2,attorney; fraud,0,1,37.0
CLM-2023-10396,0.0,1.0,1.0,0.75,0,1,dispute,0,0,2.5
CLM-2022-10397,0.0,1.0,1.0,0.75,0,1,dispute,0,0,2.5
CLM-2022-10398,0.0,0.0,-1.0,-0.45,18,8,attorney; litigation; legal action; my attorney; unacceptable; bad faith; news; dispute,14,0,100.0
CLM-2023-10399,0.0,1.0,1.0,0.75,0,1,dispute,0,0,2.5
CLM-2024-10400,1.0,1.0,1.0,1.0,0,1,dispute,0,0,0.0
CLM-2022-10401,0.0,1.0,1.0,0.75,0,1,dispute,0,0,2.5
CLM-2022-10402,0.0,-1.0,-1.0,-0.75,21,9,attorney; litigation; legal action; my attorney; unacceptable; demand; bad faith; news; escalate,14,1,100.0
CLM-2023-10403,0.0,1.0,1.0,0.75,0,1,dispute,0,0,2.5
CLM-2024-10404,0.0,0.0,0.0,0.0,16,6,attorney; litigation; legal action; sue; my attorney; dispute,9,0,100.0
CLM-2023-10405,0.0,0.0,1.0,0.45,3,3,no response; dispute; independent appraisal,1,0,23.5
CLM-2024-10406,0.0,0.0,0.0,0.0,16,6,attorney; litigation; legal action; sue; my attorney; dispute,9,0,100.0
CLM-2023-10407,0.0,1.0,0.0,0.3,0,1,dispute,0,0,7.0
CLM-2024-10408,1.0,1.0,1.0,1.0,0,1,dispute,0,0,0.0
CLM-2024-10409,0.0,0.0,1.0,0.45,0,1,dispute,0,0,5.5
CLM-2023-10410,0.0,0.0,0.0,0.0,14,5,attorney; litigation; legal action; my attorney; demand,9,0,100.0
CLM-2024-10411,0.0,0.0,-1.0,-0.45,9,4,attorney; litigation; demand; dispute,8,0,98.5
CLM-2023-10412,0.0,0.0,1.0,0.45,5,3,doi complaint; no response; dispute,1,0,31.5
CLM-2024-10413,1.0,0.0,1.0,0.7,0,1,dispute,0,0,3.0
CLM-2023-10414,0.0,0.0,-1.0,-0.45,0,1,dispute,0,0,14.5
CLM-2023-10415,0.0,0.0,-1.0,-0.45,7,4,attorney; escalate; dispute; independent appraisal,4,0,66.5
CLM-2023-10416,0.0,0.0,1.0,0.45,6,3,attorney; escalate; no response,1,0,35.5
CLM-2023-10417,0.0,-1.0,-1.0,-0.75,18,8,attorney; legal action; my attorney; doi complaint; unacceptable; bad faith; news; unreasonable,14,1,100.0
CLM-2023-10418,0.0,0.0,1.0,0.45,4,3,attorney; escalate; dispute,0,0,21.5
CLM-2023-10419,0.0,0.0,1.0,0.45,0,1,dispute,0,0,5.5
CLM-2023-10420,0.0,-1.0,-1.0,-0.75,17,7,attorney; litigation; my attorney; doi complaint; demand; bad faith; unreasonable,13,1,100.0
CLM-2023-10421,-1.0,0.0,-1.0,-0.7,9,4,attorney; litigation; demand; dispute,8,0,100.0
CLM-2024-10422,0.0,0.0,0.0,0.0,0,0,,0,0,10.0
CLM-2023-10423,0.0,-1.0,-1.0,-0.75,12,5,attorney; litigation; demand; bad faith; escalate,8,1,100.0
CLM-2023-10424,0.0,0.0,1.0,0.45,0,0,,0,0,5.5
CLM-2022-10425,0.0,0.0,1.0,0.45,0,0,,0,0,5.5
CLM-2023-10426,0.0,0.0,1.0,0.45,0,0,,0,0,5.5
CLM-2022-10427,0.0,0.0,1.0,0.45,0,0,,0,0,5.5
CLM-2022-10428,-1.0,0.0,-1.0,-0.7,9,4,attorney; litigation; demand; dispute,8,0,100.0
CLM-2022-10429,-1.0,0.0,-1.0,-0.7,6,3,attorney; fraud; escalate,0,0,41.0
CLM-2023-10430,1.0,0.0,0.0,0.25,0,1,dispute,0,0,7.5
CLM-2023-10431,0.0,0.0,0.0,0.0,13,5,attorney; litigation; sue; my attorney; dispute,9,0,100.0
CLM-2023-10432,0.0,0.0,0.0,0.0,0,0,,0,0,10.0
CLM-2023-10433,0.0,0.0,1.0,0.45,1,2,dispute; independent appraisal,0,0,9.5
CLM-2022-10434,0.0,0.0,1.0,0.45,1,1,no response,1,0,15.5
CLM-2023-10435,0.0,0.0,1.0,0.45,0,0,,0,0,5.5
CLM-2022-10436,0.0,-1.0,-1.0,-0.75,2,1,attorney,0,1,35.5
CLM-2023-10437,0.0,0.0,0.0,0.0,0,1,dispute,0,0,10.0
CLM-2022-10438,0.0,0.0,-1.0,-0.45,14,6,attorney; litigation; my attorney; demand; bad faith; dispute,13,0,100.0
CLM-2022-10439,-1.0,0.0,1.0,0.2,5,3,attorney; fraud; escalate,0,0,28.0
CLM-2023-10440,-1.0,-1.0,-1.0,-1.0,12,5,attorney; litigation; demand; bad faith; escalate,8,1,100.0
CLM-2023-10441,0.0,0.0,1.0,0.45,1,2,dispute; independent appraisal,0,0,9.5
CLM-2024-10442,0.0,0.0,-1.0,-0.45,12,5,attorney; litigation; sue; demand; dispute,8,0,100.0
CLM-2022-10443,0.0,-1.0,1.0,0.15,3,2,attorney; dispute,0,1,30.5
CLM-2022-10444,0.0,0.0,1.0,0.45,0,0,,0,0,5.5
CLM-2023-10445,0.0,0.0,1.0,0.45,3,3,no response; dispute; independent appraisal,1,0,23.5
CLM-2022-10446,0.0,0.0,1.0,0.45,0,0,,0,0,5.5
CLM-2022-10447,-1.0,0.0,-1.0,-0.7,18,8,attorney; litigation; legal action; my attorney; unacceptable; bad faith; news; dispute,14,0,100.0
CLM-2023-10448,0.0,1.0,0.0,0.3,0,1,dispute,0,0,7.0
CLM-2024-10449,0.0,-1.0,-1.0,-0.75,16,7,attorney; litigation; my attorney; demand; bad faith; escalate; dispute,13,1,100.0
CLM-2024-10450,0.0,1.0,1.0,0.75,0,1,dispute,0,0,2.5
CLM-2022-10451,-1.0,0.0,-1.0,-0.7,14,6,attorney; litigation; my attorney; demand; bad faith; dispute,13,0,100.0
CLM-2024-10452,0.0,-1.0,1.0,0.15,2,2,attorney; dispute,0,1,26.5
CLM-2024-10453,0.0,0.0,1.0,0.45,2,2,doi complaint; dispute,0,0,13.5
CLM-2024-10454,0.0,1.0,1.0,0.75,0,1,dispute,0,0,2.5
CLM-2024-10455,1.0,0.0,1.0,0.7,0,1,dispute,0,0,3.0
CLM-2024-10456,-1.0,0.0,-1.0,-0.7,14,6,attorney; litigation; my attorney; demand; bad faith; dispute,13,0,100.0
CLM-2024-10457,0.0,1.0,0.0,0.3,0,1,dispute,0,0,7.0
CLM-2023-10458,-1.0,0.0,-1.0,-0.7,9,4,attorney; litigation; demand; dispute,8,0,100.0
CLM-2024-10459,0.0,0.0,0.0,0.0,14,5,attorney; litigation; sue; my attorney; demand,9,0,100.0
CLM-2022-10460,0.0,0.0,-1.0,-0.45,5,3,attorney; escalate; dispute,0,0,34.5
CLM-2022-10461,-1.0,0.0,0.0,-0.25,10,4,attorney; sue; my attorney; dispute,9,0,100.0
CLM-2023-10462,0.0,0.0,1.0,0.45,0,1,dispute,0,0,5.5
CLM-2022-10463,0.0,-1.0,-1.0,-0.75,3,2,attorney; dispute,0,1,39.5
CLM-2024-10464,-1.0,0.0,0.0,-0.25,15,6,attorney; litigation; legal action; my attorney; demand; dispute,9,0,100.0
CLM-2023-10465,0.0,0.0,1.0,0.45,0,0,,0,0,5.5
CLM-2022-10466,-1.0,-1.0,1.0,-0.1,4,2,attorney; fraud,0,1,37.0
CLM-2024-10467,1.0,0.0,1.0,0.7,0,1,dispute,0,0,3.0
CLM-2022-10468,0.0,0.0,-1.0,-0.45,0,1,dispute,0,0,14.5
CLM-2024-10469,0.0,0.0,-1.0,-0.45,8,3,attorney; litigation; demand,8,0,94.5
CLM-2022-10470,0.0,0.0,0.0,0.0,14,5,attorney; litigation; legal action; my attorney; demand,9,0,100.0
CLM-2023-10471,0.0,1.0,0.0,0.3,0,1,dispute,0,0,7.0
CLM-2022-10472,0.0,0.0,1.0,0.45,0,0,,0,0,5.5
CLM-2023-10473,0.0,-1.0,-1.0,-0.75,7,4,attorney; escalate; dispute; independent appraisal,4,1,79.5
CLM-2024-10474,0.0,-1.0,-1.0,-0.75,12,5,attorney; litigation; demand; bad faith; escalate,8,1,100.0
CLM-2023-10475,0.0,0.0,1.0,0.45,0,0,,0,0,5.5
CLM-2023-10476,0.0,-1.0,0.0,-0.3,18,7,attorney; litigation; sue; my attorney; demand; bad faith; escalate,9,1,100.0
CLM-2023-10477,-1.0,0.0,1.0,0.2,5,3,doi complaint; fraud; dispute,0,0,28.0
CLM-2023-10478,0.0,1.0,1.0,0.75,0,1,dispute,0,0,2.5
CLM-2022-10479,0.0,-1.0,-1.0,-0.75,12,5,attorney; litigation; demand; bad faith; escalate,8,1,100.0
CLM-2024-10480,0.0,0.0,1.0,0.45,0,0,,0,0,5.5
CLM-2022-10481,0.0,1.0,1.0,0.75,0,1,dispute,0,0,2.5
CLM-2022-10482,-1.0,-1.0,-1.0,-1.0,25,11,attorney; litigation; legal action; sue; my attorney; unacceptable; demand; bad faith; news; escalate; dispute,14,1,100.0
CLM-2022-10483,0.0,0.0,-1.0,-0.45,15,7,attorney; legal action; my attorney; unacceptable; bad faith; news; dispute,14,0,100.0
CLM-2024-10484,-1.0,-1.0,0.0,-0.55,16,7,attorney; legal action; my attorney; doi complaint; bad faith; unreasonable; dispute,9,1,100.0
CLM-2024-10485,0.0,0.0,-1.0,-0.45,21,9,attorney; litigation; legal action; sue; my attorney; unacceptable; bad faith; news; dispute,14,0,100.0
CLM-2024-10486,1.0,0.0,1.0,0.7,0,1,dispute,0,0,3.0
CLM-2024-10487,0.0,0.0,1.0,0.45,0,0,,0,0,5.5
CLM-2022-10488,0.0,0.0,0.0,0.0,0,0,,0,0,10.0
CLM-2023-10489,0.0,0.0,-1.0,-0.45,4,2,attorney; escalate,0,0,30.5
CLM-2024-10490,0.0,0.0,-1.0,-0.45,14,6,attorney; litigation; my attorney; demand; bad faith; dispute,13,0,100.0
CLM-2024-10491,0.0,0.0,1.0,0.45,0,1,dispute,0,0,5.5
CLM-2022-10492,-1.0,0.0,-1.0,-0.7,14,6,attorney; litigation; my attorney; demand; bad faith; dispute,13,0,100.0
CLM-2022-10493,0.0,0.0,-1.0,-0.45,4,3,escalate; dispute; independent appraisal,4,0,54.5
CLM-2022-10494,0.0,0.0,0.0,0.0,13,5,attorney; litigation; legal action; my attorney; dispute,9,0,100.0
CLM-2023-10495,0.0,-1.0,-1.0,-0.75,22,10,attorney; litigation; legal action; my attorney; unacceptable; demand; bad faith; news; escalate; dispute,14,1,100.0
CLM-2022-10496,1.0,0.0,1.0,0.7,0,1,dispute,0,0,3.0
CLM-2022-10497,0.0,1.0,1.0,0.75,0,1,dispute,0,0,2.5
CLM-2023-10498,0.0,0.0,1.0,0.45,0,1,dispute,0,0,5.5
CLM-2022-10499,1.0,1.0,1.0,1.0,0,1,dispute,0,0,0.0
CLM-2022-10500,1.0,1.0,1.0,1.0,0,1,dispute,0,0,0.0
CLM-2022-10501,0.0,0.0,-1.0,-0.45,13,5,attorney; litigation; my attorney; demand; bad faith,13,0,100.0
CLM-2022-10502,0.0,1.0,0.0,0.3,0,1,dispute,0,0,7.0
CLM-2022-10503,0.0,0.0,-1.0,-0.45,13,5,attorney; litigation; my attorney; demand; bad faith,13,0,100.0
CLM-2023-10504,0.0,0.0,1.0,0.45,0,0,,0,0,5.5
CLM-2023-10505,0.0,-1.0,1.0,0.15,5,3,attorney; no response; dispute,1,1,44.5
CLM-2022-10506,0.0,0.0,1.0,0.45,3,2,attorney; escalate,0,0,17.5
CLM-2022-10507,-1.0,-1.0,-1.0,-1.0,19,8,attorney; litigation; sue; my attorney; demand; bad faith; escalate; dispute,13,1,100.0
CLM-2024-10508,0.0,0.0,0.0,0.0,10,4,attorney; legal action; my attorney; dispute,9,0,100.0
CLM-2023-10509,-1.0,0.0,0.0,-0.25,13,5,attorney; litigation; legal action; my attorney; dispute,9,0,100.0
CLM-2022-10510,-1.0,-1.0,-1.0,-1.0,13,6,attorney; litigation; demand; bad faith; escalate; dispute,8,1,100.0
CLM-2023-10511,0.0,-1.0,-1.0,-0.75,12,5,attorney; litigation; demand; bad faith; escalate,8,1,100.0
CLM-2024-10512,0.0,-1.0,-1.0,-0.75,16,7,attorney; litigation; my attorney; demand; bad faith; escalate; dispute,13,1,100.0
CLM-2022-10513,0.0,-1.0,-1.0,-0.75,7,4,attorney; escalate; dispute; independent appraisal,4,1,79.5
CLM-2024-10514,0.0,0.0,1.0,0.45,0,0,,0,0,5.5
CLM-2022-10515,0.0,1.0,0.0,0.3,0,1,dispute,0,0,7.0
CLM-2022-10516,0.0,0.0,1.0,0.45,0,1,dispute,0,0,5.5
CLM-2024-10517,0.0,1.0,1.0,0.75,0,1,dispute,0,0,2.5
CLM-2023-10518,0.0,-1.0,0.0,-0.3,18,7,attorney; litigation; sue; my attorney; demand; bad faith; escalate,9,1,100.0
CLM-2024-10519,-1.0,0.0,0.0,-0.25,13,5,attorney; litigation; sue; my attorney; dispute,9,0,100.0
CLM-2022-10520,0.0,1.0,1.0,0.75,0,1,dispute,0,0,2.5
CLM-2023-10521,0.0,0.0,-1.0,-0.45,4,3,escalate; dispute; independent appraisal,4,0,54.5
CLM-2022-10522,0.0,0.0,-1.0,-0.45,14,6,attorney; litigation; my attorney; demand; bad faith; dispute,13,0,100.0
CLM-2022-10523,-1.0,0.0,0.0,-0.25,14,5,attorney; litigation; legal action; my attorney; demand,9,0,100.0
CLM-2024-10524,0.0,-1.0,-1.0,-0.75,21,9,attorney; litigation; legal action; my attorney; unacceptable; demand; bad faith; news; escalate,14,1,100.0
CLM-2023-10525,0.0,1.0,1.0,0.75,0,1,dispute,0,0,2.5
CLM-2022-10526,0.0,1.0,0.0,0.3,0,1,dispute,0,0,7.0
CLM-2022-10527,0.0,0.0,1.0,0.45,0,0,,0,0,5.5
CLM-2023-10528,0.0,-1.0,-1.0,-0.75,18,8,attorney; legal action; my attorney; doi complaint; unacceptable; bad faith; news; unreasonable,14,1,100.0
CLM-2023-10529,0.0,0.0,-1.0,-0.45,14,6,attorney; litigation; my attorney; demand; bad faith; dispute,13,0,100.0
CLM-2024-10530,0.0,0.0,1.0,0.45,0,0,,0,0,5.5
CLM-2023-10531,0.0,-1.0,-1.0,-0.75,17,7,attorney; litigation; my attorney; doi complaint; demand; bad faith; unreasonable,13,1,100.0
CLM-2022-10532,0.0,0.0,1.0,0.45,0,0,,0,0,5.5
CLM-2022-10533,-1.0,0.0,1.0,0.2,5,4,fraud; no response; dispute; independent appraisal,1,0,34.0
CLM-2024-10534,0.0,-1.0,-1.0,-0.75,17,7,attorney; litigation; my attorney; doi complaint; demand; bad faith; unreasonable,13,1,100.0
CLM-2022-10535,0.0,1.0,0.0,0.3,0,1,dispute,0,0,7.0
CLM-2023-10536,0.0,1.0,1.0,0.75,1,1,dispute,0,0,6.5
CLM-2022-10537,0.0,-1.0,0.0,-0.3,18,7,attorney; litigation; sue; my attorney; demand; bad faith; escalate,9,1,100.0
CLM-2023-10538,-1.0,0.0,0.0,-0.25,14,5,attorney; litigation; sue; my attorney; demand,9,0,100.0
CLM-2022-10539,0.0,0.0,1.0,0.45,0,0,,0,0,5.5
CLM-2024-10540,0.0,0.0,0.0,0.0,10,4,attorney; sue; my attorney; dispute,9,0,100.0
CLM-2024-10541,0.0,-1.0,-1.0,-0.75,22,10,attorney; litigation; legal action; my attorney; unacceptable; demand; bad faith; news; escalate; dispute,14,1,100.0
CLM-2023-10542,0.0,0.0,1.0,0.45,5,3,doi complaint; no response; dispute,1,0,31.5
CLM-2023-10543,0.0,0.0,-1.0,-0.45,0,1,dispute,0,0,14.5
CLM-2024-10544,0.0,0.0,1.0,0.45,0,0,,0,0,5.5
CLM-2023-10545,-1.0,-1.0,-1.0,-1.0,18,8,attorney; legal action; my attorney; doi complaint; unacceptable; bad faith; news; unreasonable,14,1,100.0
CLM-2024-10546,0.0,0.0,1.0,0.45,1,2,dispute; independent appraisal,0,0,9.5
CLM-2024-10547,0.0,-1.0,1.0,0.15,2,2,attorney; dispute,0,1,26.5
CLM-2023-10548,0.0,1.0,1.0,0.75,0,1,dispute,0,0,2.5
CLM-2023-10549,0.0,0.0,-1.0,-0.45,5,3,attorney; escalate; dispute,0,0,34.5
